{
  "noGrandReset": {
    "firstDynastyTime": 61.333333333333336,
    "grandResetTime": null,
    "allRuinsUpgradesTime": 104.58333333333333,
    "totalRuinsUpgradesCount": 106,
    "ownedRuinsCount": 106,
    "finalState": {
      "cycles": 1181,
      "population": 2.3517661428243624e+31,
      "gold": 3.196978815212684e+40,
      "ruins": 49371910018,
      "legitimacy": 174,
      "dynastyCount": 8,
      "grandResetCount": 0,
      "bestEra": "Singularite civique"
    }
  },
  "withGrandReset": {
    "firstDynastyTime": 61.333333333333336,
    "grandResetTime": 72.41666666666667,
    "allRuinsUpgradesTime": 139,
    "totalRuinsUpgradesCount": 106,
    "ownedRuinsCount": 106,
    "finalState": {
      "cycles": 701,
      "population": 1.3671628736008236e+31,
      "gold": 1.4196452249660084e+40,
      "ruins": 44725934572,
      "legitimacy": 12,
      "dynastyCount": 8,
      "grandResetCount": 1,
      "bestEra": "Singularite civique"
    }
  }
}